comparison_id,query_id,prompt_id,active,mapping_version,reviewer,approval_date,reason,effective_start_date,effective_end_date,scope
comparison-001,query-001,prompt-001,true,user-index-mapping-1,requesting-user,2026-10-08,Explicit same-index pairing approved in chat,2026-10-08,,matched_locale_window
comparison-002,query-002,prompt-002,true,user-index-mapping-1,requesting-user,2026-10-08,Explicit same-index pairing approved in chat,2026-10-08,,matched_locale_window
comparison-003,query-003,prompt-003,true,user-index-mapping-1,requesting-user,2026-10-08,Explicit same-index pairing approved in chat,2026-10-08,,matched_locale_window
comparison-004,query-004,prompt-004,true,user-index-mapping-1,requesting-user,2026-10-08,Explicit same-index pairing approved in chat,2026-10-08,,matched_locale_window
comparison-005,query-005,prompt-005,true,user-index-mapping-1,requesting-user,2026-10-08,Explicit same-index pairing approved in chat,2026-10-08,,matched_locale_window
comparison-006,query-006,prompt-006,true,user-index-mapping-1,requesting-user,2026-10-08,Explicit same-index pairing approved in chat,2026-10-08,,matched_locale_window
comparison-007,query-007,prompt-007,true,user-index-mapping-1,requesting-user,2026-10-08,Explicit same-index pairing approved in chat,2026-10-08,,matched_locale_window
comparison-008,query-008,prompt-008,true,user-index-mapping-1,requesting-user,2026-10-08,Explicit same-index pairing approved in chat,2026-10-08,,matched_locale_window
comparison-009,query-009,prompt-009,true,user-index-mapping-1,requesting-user,2026-10-08,Explicit same-index pairing approved in chat,2026-10-08,,matched_locale_window
comparison-010,query-010,prompt-010,true,user-index-mapping-1,requesting-user,2026-10-08,Explicit same-index pairing approved in chat,2026-10-08,,matched_locale_window
comparison-011,query-011,prompt-011,true,user-index-mapping-1,requesting-user,2026-10-08,Explicit same-index pairing approved in chat,2026-10-08,,matched_locale_window
comparison-012,query-012,prompt-012,true,user-index-mapping-1,requesting-user,2026-10-08,Explicit same-index pairing approved in chat,2026-10-08,,matched_locale_window
comparison-013,query-013,prompt-013,true,user-index-mapping-1,requesting-user,2026-10-08,Explicit same-index pairing approved in chat,2026-10-08,,matched_locale_window
comparison-014,query-014,prompt-014,true,user-index-mapping-1,requesting-user,2026-10-08,Explicit same-index pairing approved in chat,2026-10-08,,matched_locale_window
comparison-015,query-015,prompt-015,true,user-index-mapping-1,requesting-user,2026-10-08,Explicit same-index pairing approved in chat,2026-10-08,,matched_locale_window
comparison-016,query-016,prompt-016,true,user-index-mapping-1,requesting-user,2026-10-08,Explicit same-index pairing approved in chat,2026-10-08,,matched_locale_window
comparison-017,query-017,prompt-017,true,user-index-mapping-1,requesting-user,2026-10-08,Explicit same-index pairing approved in chat,2026-10-08,,matched_locale_window
comparison-018,query-018,prompt-018,true,user-index-mapping-1,requesting-user,2026-10-08,Explicit same-index pairing approved in chat,2026-10-08,,matched_locale_window
comparison-019,query-019,prompt-019,true,user-index-mapping-1,requesting-user,2026-10-08,Explicit same-index pairing approved in chat,2026-10-08,,matched_locale_window
comparison-020,query-020,prompt-020,true,user-index-mapping-1,requesting-user,2026-10-08,Explicit same-index pairing approved in chat,2026-10-08,,matched_locale_window
comparison-021,query-021,prompt-021,true,user-index-mapping-1,requesting-user,2026-10-08,Explicit same-index pairing approved in chat,2026-10-08,,matched_locale_window
comparison-022,query-022,prompt-022,true,user-index-mapping-1,requesting-user,2026-10-08,Explicit same-index pairing approved in chat,2026-10-08,,matched_locale_window
comparison-023,query-023,prompt-023,true,user-index-mapping-1,requesting-user,2026-10-08,Explicit same-index pairing approved in chat,2026-10-08,,matched_locale_window
comparison-024,query-024,prompt-024,true,user-index-mapping-1,requesting-user,2026-10-08,Explicit same-index pairing approved in chat,2026-10-08,,matched_locale_window
comparison-025,query-025,prompt-025,true,user-index-mapping-1,requesting-user,2026-10-08,Explicit same-index pairing approved in chat,2026-10-08,,matched_locale_window
comparison-026,query-026,prompt-026,true,user-index-mapping-1,requesting-user,2026-10-08,Explicit same-index pairing approved in chat,2026-10-08,,matched_locale_window
comparison-027,query-027,prompt-027,true,user-index-mapping-1,requesting-user,2026-10-08,Explicit same-index pairing approved in chat,2026-10-08,,matched_locale_window
comparison-028,query-028,prompt-028,true,user-index-mapping-1,requesting-user,2026-10-08,Explicit same-index pairing approved in chat,2026-10-08,,matched_locale_window
comparison-029,query-029,prompt-029,true,user-index-mapping-1,requesting-user,2026-10-08,Explicit same-index pairing approved in chat,2026-10-08,,matched_locale_window
comparison-030,query-030,prompt-030,true,user-index-mapping-1,requesting-user,2026-10-08,Explicit same-index pairing approved in chat,2026-10-08,,matched_locale_window
comparison-031,query-031,prompt-031,true,user-index-mapping-1,requesting-user,2026-10-08,Explicit same-index pairing approved in chat,2026-10-08,,matched_locale_window
comparison-032,query-032,prompt-032,true,user-index-mapping-1,requesting-user,2026-10-08,Explicit same-index pairing approved in chat,2026-10-08,,matched_locale_window
comparison-033,query-033,prompt-033,true,user-index-mapping-1,requesting-user,2026-10-08,Explicit same-index pairing approved in chat,2026-10-08,,matched_locale_window
comparison-034,query-034,prompt-034,true,user-index-mapping-1,requesting-user,2026-10-08,Explicit same-index pairing approved in chat,2026-10-08,,matched_locale_window
comparison-035,query-035,prompt-035,true,user-index-mapping-1,requesting-user,2026-10-08,Explicit same-index pairing approved in chat,2026-10-08,,matched_locale_window
comparison-036,query-036,prompt-036,true,user-index-mapping-1,requesting-user,2026-10-08,Explicit same-index pairing approved in chat,2026-10-08,,matched_locale_window
comparison-037,query-037,prompt-037,true,user-index-mapping-1,requesting-user,2026-10-08,Explicit same-index pairing approved in chat,2026-10-08,,matched_locale_window
comparison-038,query-038,prompt-038,true,user-index-mapping-1,requesting-user,2026-10-08,Explicit same-index pairing approved in chat,2026-10-08,,matched_locale_window
comparison-039,query-039,prompt-039,true,user-index-mapping-1,requesting-user,2026-10-08,Explicit same-index pairing approved in chat,2026-10-08,,matched_locale_window
comparison-040,query-040,prompt-040,true,user-index-mapping-1,requesting-user,2026-10-08,Explicit same-index pairing approved in chat,2026-10-08,,matched_locale_window
comparison-041,query-041,prompt-041,true,user-index-mapping-1,requesting-user,2026-10-08,Explicit same-index pairing approved in chat,2026-10-08,,matched_locale_window
comparison-042,query-042,prompt-042,true,user-index-mapping-1,requesting-user,2026-10-08,Explicit same-index pairing approved in chat,2026-10-08,,matched_locale_window
comparison-043,query-043,prompt-043,true,user-index-mapping-1,requesting-user,2026-10-08,Explicit same-index pairing approved in chat,2026-10-08,,matched_locale_window
comparison-044,query-044,prompt-044,true,user-index-mapping-1,requesting-user,2026-10-08,Explicit same-index pairing approved in chat,2026-10-08,,matched_locale_window
comparison-045,query-045,prompt-045,true,user-index-mapping-1,requesting-user,2026-10-08,Explicit same-index pairing approved in chat,2026-10-08,,matched_locale_window
comparison-046,query-046,prompt-046,true,user-index-mapping-1,requesting-user,2026-10-08,Explicit same-index pairing approved in chat,2026-10-08,,matched_locale_window
comparison-047,query-047,prompt-047,true,user-index-mapping-1,requesting-user,2026-10-08,Explicit same-index pairing approved in chat,2026-10-08,,matched_locale_window
comparison-048,query-048,prompt-048,true,user-index-mapping-1,requesting-user,2026-10-08,Explicit same-index pairing approved in chat,2026-10-08,,matched_locale_window
comparison-049,query-049,prompt-049,true,user-index-mapping-1,requesting-user,2026-10-08,Explicit same-index pairing approved in chat,2026-10-08,,matched_locale_window
comparison-050,query-050,prompt-050,true,user-index-mapping-1,requesting-user,2026-10-08,Explicit same-index pairing approved in chat,2026-10-08,,matched_locale_window
comparison-051,query-051,prompt-051,true,user-index-mapping-1,requesting-user,2026-10-08,Explicit same-index pairing approved in chat,2026-10-08,,matched_locale_window
comparison-052,query-052,prompt-052,true,user-index-mapping-1,requesting-user,2026-10-08,Explicit same-index pairing approved in chat,2026-10-08,,matched_locale_window
comparison-053,query-053,prompt-053,true,user-index-mapping-1,requesting-user,2026-10-08,Explicit same-index pairing approved in chat,2026-10-08,,matched_locale_window
comparison-054,query-054,prompt-054,true,user-index-mapping-1,requesting-user,2026-10-08,Explicit same-index pairing approved in chat,2026-10-08,,matched_locale_window
comparison-055,query-055,prompt-055,true,user-index-mapping-1,requesting-user,2026-10-08,Explicit same-index pairing approved in chat,2026-10-08,,matched_locale_window
comparison-056,query-056,prompt-056,true,user-index-mapping-1,requesting-user,2026-10-08,Explicit same-index pairing approved in chat,2026-10-08,,matched_locale_window
comparison-057,query-057,prompt-057,true,user-index-mapping-1,requesting-user,2026-10-08,Explicit same-index pairing approved in chat,2026-10-08,,matched_locale_window
comparison-058,query-058,prompt-058,true,user-index-mapping-1,requesting-user,2026-10-08,Explicit same-index pairing approved in chat,2026-10-08,,matched_locale_window
comparison-059,query-059,prompt-059,true,user-index-mapping-1,requesting-user,2026-10-08,Explicit same-index pairing approved in chat,2026-10-08,,matched_locale_window
comparison-060,query-060,prompt-060,true,user-index-mapping-1,requesting-user,2026-10-08,Explicit same-index pairing approved in chat,2026-10-08,,matched_locale_window
comparison-061,query-061,prompt-061,true,user-index-mapping-1,requesting-user,2026-10-08,Explicit same-index pairing approved in chat,2026-10-08,,matched_locale_window
comparison-062,query-062,prompt-062,true,user-index-mapping-1,requesting-user,2026-10-08,Explicit same-index pairing approved in chat,2026-10-08,,matched_locale_window
comparison-063,query-063,prompt-063,true,user-index-mapping-1,requesting-user,2026-10-08,Explicit same-index pairing approved in chat,2026-10-08,,matched_locale_window
comparison-064,query-064,prompt-064,true,user-index-mapping-1,requesting-user,2026-10-08,Explicit same-index pairing approved in chat,2026-10-08,,matched_locale_window
comparison-065,query-065,prompt-065,true,user-index-mapping-1,requesting-user,2026-10-08,Explicit same-index pairing approved in chat,2026-10-08,,matched_locale_window
comparison-066,query-066,prompt-066,true,user-index-mapping-1,requesting-user,2026-10-08,Explicit same-index pairing approved in chat,2026-10-08,,matched_locale_window
comparison-067,query-067,prompt-067,true,user-index-mapping-1,requesting-user,2026-10-08,Explicit same-index pairing approved in chat,2026-10-08,,matched_locale_window
comparison-068,query-068,prompt-068,true,user-index-mapping-1,requesting-user,2026-10-08,Explicit same-index pairing approved in chat,2026-10-08,,matched_locale_window