search_target_id,provider,search_engine,search_type,retrieval_method,location_code,language_code,device,operating_system,depth,active
search-target-001,dataforseo,google,organic,standard,2840,en,desktop,windows,10,TRUE
search-target-002,dataforseo,google,organic,standard,2840,en,desktop,macOS,10,TRUE
search-target-003,dataforseo,google,organic,standard,2840,en,Mobile,Android,10,TRUE
search-target-004,dataforseo,google,organic,standard,2840,en,Mobile,ios,10,TRUE
search-target-005,dataforseo,google,organic,standard,2840,zh-TW,desktop,windows,10,TRUE
search-target-006,dataforseo,google,organic,standard,2840,zh-TW,desktop,macOS,10,TRUE
search-target-007,dataforseo,google,organic,standard,2840,zh-TW,Mobile,Android,10,TRUE
search-target-008,dataforseo,google,organic,standard,2840,zh-TW,Mobile,ios,10,TRUE
search-target-009,dataforseo,google,organic,standard,2840,zh-CN,desktop,windows,10,TRUE
search-target-010,dataforseo,google,organic,standard,2840,zh-CN,desktop,macOS,10,TRUE
search-target-011,dataforseo,google,organic,standard,2840,zh-CN,Mobile,Android,10,TRUE
search-target-012,dataforseo,google,organic,standard,2840,zh-CN,Mobile,ios,10,TRUE
search-target-013,dataforseo,google,organic,standard,2840,id,desktop,windows,10,TRUE
search-target-014,dataforseo,google,organic,standard,2840,id,desktop,macOS,10,TRUE
search-target-015,dataforseo,google,organic,standard,2840,id,Mobile,Android,10,TRUE
search-target-016,dataforseo,google,organic,standard,2840,id,Mobile,ios,10,TRUE
search-target-021,dataforseo,google,organic,standard,2344,en,desktop,windows,10,TRUE
search-target-022,dataforseo,google,organic,standard,2344,en,desktop,macOS,10,TRUE
search-target-023,dataforseo,google,organic,standard,2344,en,Mobile,Android,10,TRUE
search-target-024,dataforseo,google,organic,standard,2344,en,Mobile,ios,10,TRUE
search-target-025,dataforseo,google,organic,standard,2344,zh-TW,desktop,windows,10,TRUE
search-target-026,dataforseo,google,organic,standard,2344,zh-TW,desktop,macOS,10,TRUE
search-target-027,dataforseo,google,organic,standard,2344,zh-TW,Mobile,Android,10,TRUE
search-target-028,dataforseo,google,organic,standard,2344,zh-TW,Mobile,ios,10,TRUE
search-target-029,dataforseo,google,organic,standard,2344,zh-CN,desktop,windows,10,TRUE
search-target-030,dataforseo,google,organic,standard,2344,zh-CN,desktop,macOS,10,TRUE
search-target-031,dataforseo,google,organic,standard,2344,zh-CN,Mobile,Android,10,TRUE
search-target-032,dataforseo,google,organic,standard,2344,zh-CN,Mobile,ios,10,TRUE
search-target-033,dataforseo,google,organic,standard,2344,id,desktop,windows,10,TRUE
search-target-034,dataforseo,google,organic,standard,2344,id,desktop,macOS,10,TRUE
search-target-035,dataforseo,google,organic,standard,2344,id,Mobile,Android,10,TRUE
search-target-036,dataforseo,google,organic,standard,2344,id,Mobile,ios,10,TRUE
search-target-041,dataforseo,google,organic,standard,2156,en,desktop,windows,10,TRUE
search-target-042,dataforseo,google,organic,standard,2156,en,desktop,macOS,10,TRUE
search-target-043,dataforseo,google,organic,standard,2156,en,Mobile,Android,10,TRUE
search-target-044,dataforseo,google,organic,standard,2156,en,Mobile,ios,10,TRUE
search-target-045,dataforseo,google,organic,standard,2156,zh-TW,desktop,windows,10,TRUE
search-target-046,dataforseo,google,organic,standard,2156,zh-TW,desktop,macOS,10,TRUE
search-target-047,dataforseo,google,organic,standard,2156,zh-TW,Mobile,Android,10,TRUE
search-target-048,dataforseo,google,organic,standard,2156,zh-TW,Mobile,ios,10,TRUE
search-target-049,dataforseo,google,organic,standard,2156,zh-CN,desktop,windows,10,TRUE
search-target-050,dataforseo,google,organic,standard,2156,zh-CN,desktop,macOS,10,TRUE
search-target-051,dataforseo,google,organic,standard,2156,zh-CN,Mobile,Android,10,TRUE
search-target-052,dataforseo,google,organic,standard,2156,zh-CN,Mobile,ios,10,TRUE
search-target-053,dataforseo,google,organic,standard,2156,id,desktop,windows,10,TRUE
search-target-054,dataforseo,google,organic,standard,2156,id,desktop,macOS,10,TRUE
search-target-055,dataforseo,google,organic,standard,2156,id,Mobile,Android,10,TRUE
search-target-056,dataforseo,google,organic,standard,2156,id,Mobile,ios,10,TRUE
search-target-061,dataforseo,google,organic,standard,2702,en,desktop,windows,10,TRUE
search-target-062,dataforseo,google,organic,standard,2702,en,desktop,macOS,10,TRUE
search-target-063,dataforseo,google,organic,standard,2702,en,Mobile,Android,10,TRUE
search-target-064,dataforseo,google,organic,standard,2702,en,Mobile,ios,10,TRUE
search-target-065,dataforseo,google,organic,standard,2702,zh-TW,desktop,windows,10,TRUE
search-target-066,dataforseo,google,organic,standard,2702,zh-TW,desktop,macOS,10,TRUE
search-target-067,dataforseo,google,organic,standard,2702,zh-TW,Mobile,Android,10,TRUE
search-target-068,dataforseo,google,organic,standard,2702,zh-TW,Mobile,ios,10,TRUE
search-target-069,dataforseo,google,organic,standard,2702,zh-CN,desktop,windows,10,TRUE
search-target-070,dataforseo,google,organic,standard,2702,zh-CN,desktop,macOS,10,TRUE
search-target-071,dataforseo,google,organic,standard,2702,zh-CN,Mobile,Android,10,TRUE
search-target-072,dataforseo,google,organic,standard,2702,zh-CN,Mobile,ios,10,TRUE
search-target-073,dataforseo,google,organic,standard,2702,id,desktop,windows,10,TRUE
search-target-074,dataforseo,google,organic,standard,2702,id,desktop,macOS,10,TRUE
search-target-075,dataforseo,google,organic,standard,2702,id,Mobile,Android,10,TRUE
search-target-076,dataforseo,google,organic,standard,2702,id,Mobile,ios,10,TRUE
search-target-101,dataforseo,google,organic,standard,2360,en,desktop,windows,10,TRUE
search-target-102,dataforseo,google,organic,standard,2360,en,desktop,macOS,10,TRUE
search-target-103,dataforseo,google,organic,standard,2360,en,Mobile,Android,10,TRUE
search-target-104,dataforseo,google,organic,standard,2360,en,Mobile,ios,10,TRUE
search-target-105,dataforseo,google,organic,standard,2360,zh-TW,desktop,windows,10,TRUE
search-target-106,dataforseo,google,organic,standard,2360,zh-TW,desktop,macOS,10,TRUE
search-target-107,dataforseo,google,organic,standard,2360,zh-TW,Mobile,Android,10,TRUE
search-target-108,dataforseo,google,organic,standard,2360,zh-TW,Mobile,ios,10,TRUE
search-target-109,dataforseo,google,organic,standard,2360,zh-CN,desktop,windows,10,TRUE
search-target-110,dataforseo,google,organic,standard,2360,zh-CN,desktop,macOS,10,TRUE
search-target-111,dataforseo,google,organic,standard,2360,zh-CN,Mobile,Android,10,TRUE
search-target-112,dataforseo,google,organic,standard,2360,zh-CN,Mobile,ios,10,TRUE
search-target-113,dataforseo,google,organic,standard,2360,id,desktop,windows,10,TRUE
search-target-114,dataforseo,google,organic,standard,2360,id,desktop,macOS,10,TRUE
search-target-115,dataforseo,google,organic,standard,2360,id,Mobile,Android,10,TRUE
search-target-116,dataforseo,google,organic,standard,2360,id,Mobile,ios,10,TRUE
search-target-121,dataforseo,Bing,organic,standard,2840,en,desktop,windows,10,TRUE
search-target-122,dataforseo,Bing,organic,standard,2840,en,desktop,macOS,10,TRUE
search-target-123,dataforseo,Bing,organic,standard,2840,en,Mobile,Android,10,TRUE
search-target-124,dataforseo,Bing,organic,standard,2840,en,Mobile,ios,10,TRUE
search-target-125,dataforseo,Bing,organic,standard,2840,zh-TW,desktop,windows,10,TRUE
search-target-126,dataforseo,Bing,organic,standard,2840,zh-TW,desktop,macOS,10,TRUE
search-target-127,dataforseo,Bing,organic,standard,2840,zh-TW,Mobile,Android,10,TRUE
search-target-128,dataforseo,Bing,organic,standard,2840,zh-TW,Mobile,ios,10,TRUE
search-target-129,dataforseo,Bing,organic,standard,2840,zh-CN,desktop,windows,10,TRUE
search-target-130,dataforseo,Bing,organic,standard,2840,zh-CN,desktop,macOS,10,TRUE
search-target-131,dataforseo,Bing,organic,standard,2840,zh-CN,Mobile,Android,10,TRUE
search-target-132,dataforseo,Bing,organic,standard,2840,zh-CN,Mobile,ios,10,TRUE
search-target-133,dataforseo,Bing,organic,standard,2840,id,desktop,windows,10,TRUE
search-target-134,dataforseo,Bing,organic,standard,2840,id,desktop,macOS,10,TRUE
search-target-135,dataforseo,Bing,organic,standard,2840,id,Mobile,Android,10,TRUE
search-target-136,dataforseo,Bing,organic,standard,2840,id,Mobile,ios,10,TRUE
search-target-141,dataforseo,Bing,organic,standard,2344,en,desktop,windows,10,TRUE
search-target-142,dataforseo,Bing,organic,standard,2344,en,desktop,macOS,10,TRUE
search-target-143,dataforseo,Bing,organic,standard,2344,en,Mobile,Android,10,TRUE
search-target-144,dataforseo,Bing,organic,standard,2344,en,Mobile,ios,10,TRUE
search-target-145,dataforseo,Bing,organic,standard,2344,zh-TW,desktop,windows,10,TRUE
search-target-146,dataforseo,Bing,organic,standard,2344,zh-TW,desktop,macOS,10,TRUE
search-target-147,dataforseo,Bing,organic,standard,2344,zh-TW,Mobile,Android,10,TRUE
search-target-148,dataforseo,Bing,organic,standard,2344,zh-TW,Mobile,ios,10,TRUE
search-target-149,dataforseo,Bing,organic,standard,2344,zh-CN,desktop,windows,10,TRUE
search-target-150,dataforseo,Bing,organic,standard,2344,zh-CN,desktop,macOS,10,TRUE
search-target-151,dataforseo,Bing,organic,standard,2344,zh-CN,Mobile,Android,10,TRUE
search-target-152,dataforseo,Bing,organic,standard,2344,zh-CN,Mobile,ios,10,TRUE
search-target-153,dataforseo,Bing,organic,standard,2344,id,desktop,windows,10,TRUE
search-target-154,dataforseo,Bing,organic,standard,2344,id,desktop,macOS,10,TRUE
search-target-155,dataforseo,Bing,organic,standard,2344,id,Mobile,Android,10,TRUE
search-target-156,dataforseo,Bing,organic,standard,2344,id,Mobile,ios,10,TRUE
search-target-161,dataforseo,Bing,organic,standard,2156,en,desktop,windows,10,TRUE
search-target-162,dataforseo,Bing,organic,standard,2156,en,desktop,macOS,10,TRUE
search-target-163,dataforseo,Bing,organic,standard,2156,en,Mobile,Android,10,TRUE
search-target-164,dataforseo,Bing,organic,standard,2156,en,Mobile,ios,10,TRUE
search-target-165,dataforseo,Bing,organic,standard,2156,zh-TW,desktop,windows,10,TRUE
search-target-166,dataforseo,Bing,organic,standard,2156,zh-TW,desktop,macOS,10,TRUE
search-target-167,dataforseo,Bing,organic,standard,2156,zh-TW,Mobile,Android,10,TRUE
search-target-168,dataforseo,Bing,organic,standard,2156,zh-TW,Mobile,ios,10,TRUE
search-target-169,dataforseo,Bing,organic,standard,2156,zh-CN,desktop,windows,10,TRUE
search-target-170,dataforseo,Bing,organic,standard,2156,zh-CN,desktop,macOS,10,TRUE
search-target-171,dataforseo,Bing,organic,standard,2156,zh-CN,Mobile,Android,10,TRUE
search-target-172,dataforseo,Bing,organic,standard,2156,zh-CN,Mobile,ios,10,TRUE
search-target-173,dataforseo,Bing,organic,standard,2156,id,desktop,windows,10,TRUE
search-target-174,dataforseo,Bing,organic,standard,2156,id,desktop,macOS,10,TRUE
search-target-175,dataforseo,Bing,organic,standard,2156,id,Mobile,Android,10,TRUE
search-target-176,dataforseo,Bing,organic,standard,2156,id,Mobile,ios,10,TRUE
search-target-181,dataforseo,Bing,organic,standard,2702,en,desktop,windows,10,TRUE
search-target-182,dataforseo,Bing,organic,standard,2702,en,desktop,macOS,10,TRUE
search-target-183,dataforseo,Bing,organic,standard,2702,en,Mobile,Android,10,TRUE
search-target-184,dataforseo,Bing,organic,standard,2702,en,Mobile,ios,10,TRUE
search-target-185,dataforseo,Bing,organic,standard,2702,zh-TW,desktop,windows,10,TRUE
search-target-186,dataforseo,Bing,organic,standard,2702,zh-TW,desktop,macOS,10,TRUE
search-target-187,dataforseo,Bing,organic,standard,2702,zh-TW,Mobile,Android,10,TRUE
search-target-188,dataforseo,Bing,organic,standard,2702,zh-TW,Mobile,ios,10,TRUE
search-target-189,dataforseo,Bing,organic,standard,2702,zh-CN,desktop,windows,10,TRUE
search-target-190,dataforseo,Bing,organic,standard,2702,zh-CN,desktop,macOS,10,TRUE
search-target-191,dataforseo,Bing,organic,standard,2702,zh-CN,Mobile,Android,10,TRUE
search-target-192,dataforseo,Bing,organic,standard,2702,zh-CN,Mobile,ios,10,TRUE
search-target-193,dataforseo,Bing,organic,standard,2702,id,desktop,windows,10,TRUE
search-target-194,dataforseo,Bing,organic,standard,2702,id,desktop,macOS,10,TRUE
search-target-195,dataforseo,Bing,organic,standard,2702,id,Mobile,Android,10,TRUE
search-target-196,dataforseo,Bing,organic,standard,2702,id,Mobile,ios,10,TRUE
search-target-221,dataforseo,Bing,organic,standard,2360,en,desktop,windows,10,TRUE
search-target-222,dataforseo,Bing,organic,standard,2360,en,desktop,macOS,10,TRUE
search-target-223,dataforseo,Bing,organic,standard,2360,en,Mobile,Android,10,TRUE
search-target-224,dataforseo,Bing,organic,standard,2360,en,Mobile,ios,10,TRUE
search-target-225,dataforseo,Bing,organic,standard,2360,zh-TW,desktop,windows,10,TRUE
search-target-226,dataforseo,Bing,organic,standard,2360,zh-TW,desktop,macOS,10,TRUE
search-target-227,dataforseo,Bing,organic,standard,2360,zh-TW,Mobile,Android,10,TRUE
search-target-228,dataforseo,Bing,organic,standard,2360,zh-TW,Mobile,ios,10,TRUE
search-target-229,dataforseo,Bing,organic,standard,2360,zh-CN,desktop,windows,10,TRUE
search-target-230,dataforseo,Bing,organic,standard,2360,zh-CN,desktop,macOS,10,TRUE
search-target-231,dataforseo,Bing,organic,standard,2360,zh-CN,Mobile,Android,10,TRUE
search-target-232,dataforseo,Bing,organic,standard,2360,zh-CN,Mobile,ios,10,TRUE
search-target-233,dataforseo,Bing,organic,standard,2360,id,desktop,windows,10,TRUE
search-target-234,dataforseo,Bing,organic,standard,2360,id,desktop,macOS,10,TRUE
search-target-235,dataforseo,Bing,organic,standard,2360,id,Mobile,Android,10,TRUE
search-target-236,dataforseo,Bing,organic,standard,2360,id,Mobile,ios,10,TRUE
search-target-241,dataforseo,Yahoo,organic,standard,2840,en,desktop,windows,10,TRUE
search-target-242,dataforseo,Yahoo,organic,standard,2840,en,desktop,macOS,10,TRUE
search-target-243,dataforseo,Yahoo,organic,standard,2840,en,Mobile,Android,10,TRUE
search-target-244,dataforseo,Yahoo,organic,standard,2840,en,Mobile,ios,10,TRUE
search-target-245,dataforseo,Yahoo,organic,standard,2840,zh-TW,desktop,windows,10,TRUE
search-target-246,dataforseo,Yahoo,organic,standard,2840,zh-TW,desktop,macOS,10,TRUE
search-target-247,dataforseo,Yahoo,organic,standard,2840,zh-TW,Mobile,Android,10,TRUE
search-target-248,dataforseo,Yahoo,organic,standard,2840,zh-TW,Mobile,ios,10,TRUE
search-target-249,dataforseo,Yahoo,organic,standard,2840,zh-CN,desktop,windows,10,TRUE
search-target-250,dataforseo,Yahoo,organic,standard,2840,zh-CN,desktop,macOS,10,TRUE
search-target-251,dataforseo,Yahoo,organic,standard,2840,zh-CN,Mobile,Android,10,TRUE
search-target-252,dataforseo,Yahoo,organic,standard,2840,zh-CN,Mobile,ios,10,TRUE
search-target-253,dataforseo,Yahoo,organic,standard,2840,id,desktop,windows,10,TRUE
search-target-254,dataforseo,Yahoo,organic,standard,2840,id,desktop,macOS,10,TRUE
search-target-255,dataforseo,Yahoo,organic,standard,2840,id,Mobile,Android,10,TRUE
search-target-256,dataforseo,Yahoo,organic,standard,2840,id,Mobile,ios,10,TRUE
search-target-261,dataforseo,Yahoo,organic,standard,2344,en,desktop,windows,10,TRUE
search-target-262,dataforseo,Yahoo,organic,standard,2344,en,desktop,macOS,10,TRUE
search-target-263,dataforseo,Yahoo,organic,standard,2344,en,Mobile,Android,10,TRUE
search-target-264,dataforseo,Yahoo,organic,standard,2344,en,Mobile,ios,10,TRUE
search-target-265,dataforseo,Yahoo,organic,standard,2344,zh-TW,desktop,windows,10,TRUE
search-target-266,dataforseo,Yahoo,organic,standard,2344,zh-TW,desktop,macOS,10,TRUE
search-target-267,dataforseo,Yahoo,organic,standard,2344,zh-TW,Mobile,Android,10,TRUE
search-target-268,dataforseo,Yahoo,organic,standard,2344,zh-TW,Mobile,ios,10,TRUE
search-target-269,dataforseo,Yahoo,organic,standard,2344,zh-CN,desktop,windows,10,TRUE
search-target-270,dataforseo,Yahoo,organic,standard,2344,zh-CN,desktop,macOS,10,TRUE
search-target-271,dataforseo,Yahoo,organic,standard,2344,zh-CN,Mobile,Android,10,TRUE
search-target-272,dataforseo,Yahoo,organic,standard,2344,zh-CN,Mobile,ios,10,TRUE
search-target-273,dataforseo,Yahoo,organic,standard,2344,id,desktop,windows,10,TRUE
search-target-274,dataforseo,Yahoo,organic,standard,2344,id,desktop,macOS,10,TRUE
search-target-275,dataforseo,Yahoo,organic,standard,2344,id,Mobile,Android,10,TRUE
search-target-276,dataforseo,Yahoo,organic,standard,2344,id,Mobile,ios,10,TRUE
search-target-281,dataforseo,Yahoo,organic,standard,2156,en,desktop,windows,10,TRUE
search-target-282,dataforseo,Yahoo,organic,standard,2156,en,desktop,macOS,10,TRUE
search-target-283,dataforseo,Yahoo,organic,standard,2156,en,Mobile,Android,10,TRUE
search-target-284,dataforseo,Yahoo,organic,standard,2156,en,Mobile,ios,10,TRUE
search-target-285,dataforseo,Yahoo,organic,standard,2156,zh-TW,desktop,windows,10,TRUE
search-target-286,dataforseo,Yahoo,organic,standard,2156,zh-TW,desktop,macOS,10,TRUE
search-target-287,dataforseo,Yahoo,organic,standard,2156,zh-TW,Mobile,Android,10,TRUE
search-target-288,dataforseo,Yahoo,organic,standard,2156,zh-TW,Mobile,ios,10,TRUE
search-target-289,dataforseo,Yahoo,organic,standard,2156,zh-CN,desktop,windows,10,TRUE
search-target-290,dataforseo,Yahoo,organic,standard,2156,zh-CN,desktop,macOS,10,TRUE
search-target-291,dataforseo,Yahoo,organic,standard,2156,zh-CN,Mobile,Android,10,TRUE
search-target-292,dataforseo,Yahoo,organic,standard,2156,zh-CN,Mobile,ios,10,TRUE
search-target-293,dataforseo,Yahoo,organic,standard,2156,id,desktop,windows,10,TRUE
search-target-294,dataforseo,Yahoo,organic,standard,2156,id,desktop,macOS,10,TRUE
search-target-295,dataforseo,Yahoo,organic,standard,2156,id,Mobile,Android,10,TRUE
search-target-296,dataforseo,Yahoo,organic,standard,2156,id,Mobile,ios,10,TRUE
search-target-301,dataforseo,Yahoo,organic,standard,2702,en,desktop,windows,10,TRUE
search-target-302,dataforseo,Yahoo,organic,standard,2702,en,desktop,macOS,10,TRUE
search-target-303,dataforseo,Yahoo,organic,standard,2702,en,Mobile,Android,10,TRUE
search-target-304,dataforseo,Yahoo,organic,standard,2702,en,Mobile,ios,10,TRUE
search-target-305,dataforseo,Yahoo,organic,standard,2702,zh-TW,desktop,windows,10,TRUE
search-target-306,dataforseo,Yahoo,organic,standard,2702,zh-TW,desktop,macOS,10,TRUE
search-target-307,dataforseo,Yahoo,organic,standard,2702,zh-TW,Mobile,Android,10,TRUE
search-target-308,dataforseo,Yahoo,organic,standard,2702,zh-TW,Mobile,ios,10,TRUE
search-target-309,dataforseo,Yahoo,organic,standard,2702,zh-CN,desktop,windows,10,TRUE
search-target-310,dataforseo,Yahoo,organic,standard,2702,zh-CN,desktop,macOS,10,TRUE
search-target-311,dataforseo,Yahoo,organic,standard,2702,zh-CN,Mobile,Android,10,TRUE
search-target-312,dataforseo,Yahoo,organic,standard,2702,zh-CN,Mobile,ios,10,TRUE
search-target-313,dataforseo,Yahoo,organic,standard,2702,id,desktop,windows,10,TRUE
search-target-314,dataforseo,Yahoo,organic,standard,2702,id,desktop,macOS,10,TRUE
search-target-315,dataforseo,Yahoo,organic,standard,2702,id,Mobile,Android,10,TRUE
search-target-316,dataforseo,Yahoo,organic,standard,2702,id,Mobile,ios,10,TRUE
search-target-341,dataforseo,Yahoo,organic,standard,2360,en,desktop,windows,10,TRUE
search-target-342,dataforseo,Yahoo,organic,standard,2360,en,desktop,macOS,10,TRUE
search-target-343,dataforseo,Yahoo,organic,standard,2360,en,Mobile,Android,10,TRUE
search-target-344,dataforseo,Yahoo,organic,standard,2360,en,Mobile,ios,10,TRUE
search-target-345,dataforseo,Yahoo,organic,standard,2360,zh-TW,desktop,windows,10,TRUE
search-target-346,dataforseo,Yahoo,organic,standard,2360,zh-TW,desktop,macOS,10,TRUE
search-target-347,dataforseo,Yahoo,organic,standard,2360,zh-TW,Mobile,Android,10,TRUE
search-target-348,dataforseo,Yahoo,organic,standard,2360,zh-TW,Mobile,ios,10,TRUE
search-target-349,dataforseo,Yahoo,organic,standard,2360,zh-CN,desktop,windows,10,TRUE
search-target-350,dataforseo,Yahoo,organic,standard,2360,zh-CN,desktop,macOS,10,TRUE
search-target-351,dataforseo,Yahoo,organic,standard,2360,zh-CN,Mobile,Android,10,TRUE
search-target-352,dataforseo,Yahoo,organic,standard,2360,zh-CN,Mobile,ios,10,TRUE
search-target-353,dataforseo,Yahoo,organic,standard,2360,id,desktop,windows,10,TRUE
search-target-354,dataforseo,Yahoo,organic,standard,2360,id,desktop,macOS,10,TRUE
search-target-355,dataforseo,Yahoo,organic,standard,2360,id,Mobile,Android,10,TRUE
search-target-356,dataforseo,Yahoo,organic,standard,2360,id,Mobile,ios,10,TRUE
search-target-361,dataforseo,Baidu,organic,standard,1022735,zh-CN,desktop,windows,10,TRUE
search-target-362,dataforseo,Baidu,organic,standard,1022735,zh-CN,desktop,macOS,10,TRUE
search-target-363,dataforseo,Baidu,organic,standard,1022735,zh-CN,Mobile,Android,10,TRUE
search-target-364,dataforseo,Baidu,organic,standard,1022735,zh-CN,Mobile,ios,10,TRUE
search-target-365,dataforseo,Baidu,organic,standard,2156,zh-CN,desktop,windows,10,TRUE
search-target-366,dataforseo,Baidu,organic,standard,2156,zh-CN,desktop,macOS,10,TRUE
search-target-367,dataforseo,Baidu,organic,standard,2156,zh-CN,Mobile,Android,10,TRUE
search-target-368,dataforseo,Baidu,organic,standard,2156,zh-CN,Mobile,ios,10,TRUE
